State,Total_LGD_Blocks,Matched_Centroids,Pending_Match,Match_Rate
Andaman And Nicobar Islands,9,9,0,100.0%
Andhra Pradesh,668,668,0,100.0%
Arunachal Pradesh,129,101,28,78.3%
Assam,234,222,12,94.9%
Bihar,537,534,3,99.4%
Chandigarh,1,1,0,100.0%
Chhattisgarh,146,146,0,100.0%
Goa,12,12,0,100.0%
Gujarat,267,250,17,93.6%
Haryana,143,142,1,99.3%
Himachal Pradesh,92,81,11,88.0%
Jammu And Kashmir,285,250,35,87.7%
Jharkhand,264,262,2,99.2%
Karnataka,237,233,4,98.3%
Kerala,152,152,0,100.0%
Ladakh,31,20,11,64.5%
Lakshadweep,10,10,0,100.0%
Madhya Pradesh,313,313,0,100.0%
Maharashtra,352,352,0,100.0%
Manipur,70,39,31,55.7%
Meghalaya,56,39,17,69.6%
Mizoram,28,26,2,92.9%
Nagaland,76,74,2,97.4%
Odisha,314,314,0,100.0%
Puducherry,4,4,0,100.0%
Punjab,161,153,8,95.0%
Rajasthan,362,348,14,96.1%
Sikkim,34,26,8,76.5%
Tamil Nadu,388,386,2,99.5%
Telangana,621,588,33,94.7%
The Dadra And Nagar Haveli And Daman And Diu,3,3,0,100.0%
Tripura,58,58,0,100.0%
Uttar Pradesh,826,821,5,99.4%
Uttarakhand,95,95,0,100.0%
West Bengal,345,341,4,98.8%
